,Ticker,Attribute,Recent
0,A,Market Cap (intraday),40.48B
1,A,Enterprise Value,42.05B
2,A,Trailing P/E,34.23
3,A,Forward P/E,27.86
4,A,PEG Ratio (5 yr expected),2.69
5,A,Price/Sales (ttm),6.39
6,A,Price/Book (mrq),7.85
7,A,Enterprise Value/Revenue,6.52
8,A,Enterprise Value/EBITDA,23.66
9,AAL,Market Cap (intraday),10.77B
10,AAL,Enterprise Value,44.52B
11,AAL,Trailing P/E,2.81
12,AAL,Forward P/E,7.39
13,AAL,PEG Ratio (5 yr expected),
14,AAL,Price/Sales (ttm),0.36
15,AAL,Price/Book (mrq),
16,AAL,Enterprise Value/Revenue,1.49
17,AAL,Enterprise Value/EBITDA,28.05
18,AAP,Market Cap (intraday),13.79B
19,AAP,Enterprise Value,16.56B
20,AAP,Trailing P/E,23.64
21,AAP,Forward P/E,16.61
22,AAP,PEG Ratio (5 yr expected),1.27
23,AAP,Price/Sales (ttm),1.32
24,AAP,Price/Book (mrq),4.41
25,AAP,Enterprise Value/Revenue,1.51
26,AAP,Enterprise Value/EBITDA,15.01
27,AAPL,Market Cap (intraday),2.78T
28,AAPL,Enterprise Value,2.83T
29,AAPL,Trailing P/E,28.21
30,AAPL,Forward P/E,28.33
31,AAPL,PEG Ratio (5 yr expected),3.29
32,AAPL,Price/Sales (ttm),7.52
33,AAPL,Price/Book (mrq),38.59
34,AAPL,Enterprise Value/Revenue,7.49
35,AAPL,Enterprise Value/EBITDA,21.66
36,ABBV,Market Cap (intraday),309.03B
37,ABBV,Enterprise Value,375.88B
38,ABBV,Trailing P/E,26.33
39,ABBV,Forward P/E,12.02
40,ABBV,PEG Ratio (5 yr expected),
41,ABBV,Price/Sales (ttm),5.37
42,ABBV,Price/Book (mrq),19.47
43,ABBV,Enterprise Value/Revenue,6.69
44,ABBV,Enterprise Value/EBITDA,15.71
45,ABC,Market Cap (intraday),34.60B
46,ABC,Enterprise Value,38.11B
47,ABC,Trailing P/E,21.10
48,ABC,Forward P/E,15.08
49,ABC,PEG Ratio (5 yr expected),1.82
50,ABC,Price/Sales (ttm),0.15
51,ABC,Price/Book (mrq),140.83
52,ABC,Enterprise Value/Revenue,0.17
53,ABC,Enterprise Value/EBITDA,12.35
54,ABMD,Market Cap (intraday),14.32B
55,ABMD,Enterprise Value,13.65B
56,ABMD,Trailing P/E,108.09
57,ABMD,Forward P/E,
58,ABMD,PEG Ratio (5 yr expected),
59,ABMD,Price/Sales (ttm),14.37
60,ABMD,Price/Book (mrq),9.99
61,ABMD,Enterprise Value/Revenue,13.60
62,ABMD,Enterprise Value/EBITDA,48.37
63,ABT,Market Cap (intraday),217.35B
64,ABT,Enterprise Value,226.11B
65,ABT,Trailing P/E,31.28
66,ABT,Forward P/E,25.64
67,ABT,PEG Ratio (5 yr expected),8.48
68,ABT,Price/Sales (ttm),5.12
69,ABT,Price/Book (mrq),6.07
70,ABT,Enterprise Value/Revenue,5.25
71,ABT,Enterprise Value/EBITDA,18.41
72,ACN,Market Cap (intraday),202.35B
73,ACN,Enterprise Value,200.43B
74,ACN,Trailing P/E,32.17
75,ACN,Forward P/E,29.59
76,ACN,PEG Ratio (5 yr expected),2.38
77,ACN,Price/Sales (ttm),3.63
78,ACN,Price/Book (mrq),9.84
79,ACN,Enterprise Value/Revenue,3.54
80,ACN,Enterprise Value/EBITDA,19.04
81,ADBE,Market Cap (intraday),205.27B
82,ADBE,Enterprise Value,205.24B
83,ADBE,Trailing P/E,43.14
84,ADBE,Forward P/E,31.65
85,ADBE,PEG Ratio (5 yr expected),1.88
86,ADBE,Price/Sales (ttm),12.89
87,ADBE,Price/Book (mrq),14.90
88,ADBE,Enterprise Value/Revenue,12.71
89,ADBE,Enterprise Value/EBITDA,30.49
90,AFL,Market Cap (intraday),
91,AFL,Enterprise Value,
92,AFL,Trailing P/E,
93,AFL,Forward P/E,
94,AFL,PEG Ratio (5 yr expected),
95,AFL,Price/Sales (ttm),
96,AFL,Price/Book (mrq),
97,AFL,Enterprise Value/Revenue,
98,AFL,Enterprise Value/EBITDA,
99,AIZ,Market Cap (intraday),
100,AIZ,Enterprise Value,
101,AIZ,Trailing P/E,
102,AIZ,Forward P/E,
103,AIZ,PEG Ratio (5 yr expected),
104,AIZ,Price/Sales (ttm),
105,AIZ,Price/Book (mrq),
106,AIZ,Enterprise Value/Revenue,
107,AIZ,Enterprise Value/EBITDA,
108,AJG,Market Cap (intraday),
109,AJG,Enterprise Value,
110,AJG,Trailing P/E,
111,AJG,Forward P/E,
112,AJG,PEG Ratio (5 yr expected),
113,AJG,Price/Sales (ttm),
114,AJG,Price/Book (mrq),
115,AJG,Enterprise Value/Revenue,
116,AJG,Enterprise Value/EBITDA,
117,AKAM,Market Cap (intraday),
118,AKAM,Enterprise Value,
119,AKAM,Trailing P/E,
120,AKAM,Forward P/E,
121,AKAM,PEG Ratio (5 yr expected),
122,AKAM,Price/Sales (ttm),
123,AKAM,Price/Book (mrq),
124,AKAM,Enterprise Value/Revenue,
125,AKAM,Enterprise Value/EBITDA,
126,ALB,Market Cap (intraday),
127,ALB,Enterprise Value,
128,ALB,Trailing P/E,
129,ALB,Forward P/E,
130,ALB,PEG Ratio (5 yr expected),
131,ALB,Price/Sales (ttm),
132,ALB,Price/Book (mrq),
133,ALB,Enterprise Value/Revenue,
134,ALB,Enterprise Value/EBITDA,
135,ALLE,Market Cap (intraday),
136,ALLE,Enterprise Value,
137,ALLE,Trailing P/E,
138,ALLE,Forward P/E,
139,ALLE,PEG Ratio (5 yr expected),
140,ALLE,Price/Sales (ttm),
141,ALLE,Price/Book (mrq),
142,ALLE,Enterprise Value/Revenue,
143,ALLE,Enterprise Value/EBITDA,
144,AMAT,Market Cap (intraday),
145,AMAT,Enterprise Value,
146,AMAT,Trailing P/E,
147,AMAT,Forward P/E,
148,AMAT,PEG Ratio (5 yr expected),
149,AMAT,Price/Sales (ttm),
150,AMAT,Price/Book (mrq),
151,AMAT,Enterprise Value/Revenue,
152,AMAT,Enterprise Value/EBITDA,
153,AME,Market Cap (intraday),
154,AME,Enterprise Value,
155,AME,Trailing P/E,
156,AME,Forward P/E,
157,AME,PEG Ratio (5 yr expected),
158,AME,Price/Sales (ttm),
159,AME,Price/Book (mrq),
160,AME,Enterprise Value/Revenue,
161,AME,Enterprise Value/EBITDA,
162,AMP,Market Cap (intraday),
163,AMP,Enterprise Value,
164,AMP,Trailing P/E,
165,AMP,Forward P/E,
166,AMP,PEG Ratio (5 yr expected),
167,AMP,Price/Sales (ttm),
168,AMP,Price/Book (mrq),
169,AMP,Enterprise Value/Revenue,
170,AMP,Enterprise Value/EBITDA,
171,AMZN,Market Cap (intraday),
172,AMZN,Enterprise Value,
173,AMZN,Trailing P/E,
174,AMZN,Forward P/E,
175,AMZN,PEG Ratio (5 yr expected),
176,AMZN,Price/Sales (ttm),
177,AMZN,Price/Book (mrq),
178,AMZN,Enterprise Value/Revenue,
179,AMZN,Enterprise Value/EBITDA,
180,ANET,Market Cap (intraday),
181,ANET,Enterprise Value,
182,ANET,Trailing P/E,
183,ANET,Forward P/E,
184,ANET,PEG Ratio (5 yr expected),
185,ANET,Price/Sales (ttm),
186,ANET,Price/Book (mrq),
187,ANET,Enterprise Value/Revenue,
188,ANET,Enterprise Value/EBITDA,
189,ANSS,Market Cap (intraday),
190,ANSS,Enterprise Value,
191,ANSS,Trailing P/E,
192,ANSS,Forward P/E,
193,ANSS,PEG Ratio (5 yr expected),
194,ANSS,Price/Sales (ttm),
195,ANSS,Price/Book (mrq),
196,ANSS,Enterprise Value/Revenue,
197,ANSS,Enterprise Value/EBITDA,
198,APTV,Market Cap (intraday),
199,APTV,Enterprise Value,
200,APTV,Trailing P/E,
201,APTV,Forward P/E,
202,APTV,PEG Ratio (5 yr expected),
203,APTV,Price/Sales (ttm),
204,APTV,Price/Book (mrq),
205,APTV,Enterprise Value/Revenue,
206,APTV,Enterprise Value/EBITDA,
207,ARE,Market Cap (intraday),
208,ARE,Enterprise Value,
209,ARE,Trailing P/E,
210,ARE,Forward P/E,
211,ARE,PEG Ratio (5 yr expected),
212,ARE,Price/Sales (ttm),
213,ARE,Price/Book (mrq),
214,ARE,Enterprise Value/Revenue,
215,ARE,Enterprise Value/EBITDA,
216,ATVI,Market Cap (intraday),
217,ATVI,Enterprise Value,
218,ATVI,Trailing P/E,
219,ATVI,Forward P/E,
220,ATVI,PEG Ratio (5 yr expected),
221,ATVI,Price/Sales (ttm),
222,ATVI,Price/Book (mrq),
223,ATVI,Enterprise Value/Revenue,
224,ATVI,Enterprise Value/EBITDA,
225,AZO,Market Cap (intraday),
226,AZO,Enterprise Value,
227,AZO,Trailing P/E,
228,AZO,Forward P/E,
229,AZO,PEG Ratio (5 yr expected),
230,AZO,Price/Sales (ttm),
231,AZO,Price/Book (mrq),
232,AZO,Enterprise Value/Revenue,
233,AZO,Enterprise Value/EBITDA,
234,BA,Market Cap (intraday),
235,BA,Enterprise Value,
236,BA,Trailing P/E,
237,BA,Forward P/E,
238,BA,PEG Ratio (5 yr expected),
239,BA,Price/Sales (ttm),
240,BA,Price/Book (mrq),
241,BA,Enterprise Value/Revenue,
242,BA,Enterprise Value/EBITDA,
243,BAC,Market Cap (intraday),
244,BAC,Enterprise Value,
245,BAC,Trailing P/E,
246,BAC,Forward P/E,
247,BAC,PEG Ratio (5 yr expected),
248,BAC,Price/Sales (ttm),
249,BAC,Price/Book (mrq),
250,BAC,Enterprise Value/Revenue,
251,BAC,Enterprise Value/EBITDA,
252,BBY,Market Cap (intraday),
253,BBY,Enterprise Value,
254,BBY,Trailing P/E,
255,BBY,Forward P/E,
256,BBY,PEG Ratio (5 yr expected),
257,BBY,Price/Sales (ttm),
258,BBY,Price/Book (mrq),
259,BBY,Enterprise Value/Revenue,
260,BBY,Enterprise Value/EBITDA,
261,BDX,Market Cap (intraday),
262,BDX,Enterprise Value,
263,BDX,Trailing P/E,
264,BDX,Forward P/E,
265,BDX,PEG Ratio (5 yr expected),
266,BDX,Price/Sales (ttm),
267,BDX,Price/Book (mrq),
268,BDX,Enterprise Value/Revenue,
269,BDX,Enterprise Value/EBITDA,
270,BEN,Market Cap (intraday),
271,BEN,Enterprise Value,
272,BEN,Trailing P/E,
273,BEN,Forward P/E,
274,BEN,PEG Ratio (5 yr expected),
275,BEN,Price/Sales (ttm),
276,BEN,Price/Book (mrq),
277,BEN,Enterprise Value/Revenue,
278,BEN,Enterprise Value/EBITDA,
279,BIIB,Market Cap (intraday),
280,BIIB,Enterprise Value,
281,BIIB,Trailing P/E,
282,BIIB,Forward P/E,
283,BIIB,PEG Ratio (5 yr expected),
284,BIIB,Price/Sales (ttm),
285,BIIB,Price/Book (mrq),
286,BIIB,Enterprise Value/Revenue,
287,BIIB,Enterprise Value/EBITDA,
288,BIO,Market Cap (intraday),
289,BIO,Enterprise Value,
290,BIO,Trailing P/E,
291,BIO,Forward P/E,
292,BIO,PEG Ratio (5 yr expected),
293,BIO,Price/Sales (ttm),
294,BIO,Price/Book (mrq),
295,BIO,Enterprise Value/Revenue,
296,BIO,Enterprise Value/EBITDA,
297,BMY,Market Cap (intraday),
298,BMY,Enterprise Value,
299,BMY,Trailing P/E,
300,BMY,Forward P/E,
301,BMY,PEG Ratio (5 yr expected),
302,BMY,Price/Sales (ttm),
303,BMY,Price/Book (mrq),
304,BMY,Enterprise Value/Revenue,
305,BMY,Enterprise Value/EBITDA,
306,BRK-B,Market Cap (intraday),
307,BRK-B,Enterprise Value,
308,BRK-B,Trailing P/E,
309,BRK-B,Forward P/E,
310,BRK-B,PEG Ratio (5 yr expected),
311,BRK-B,Price/Sales (ttm),
312,BRK-B,Price/Book (mrq),
313,BRK-B,Enterprise Value/Revenue,
314,BRK-B,Enterprise Value/EBITDA,
315,BWA,Market Cap (intraday),
316,BWA,Enterprise Value,
317,BWA,Trailing P/E,
318,BWA,Forward P/E,
319,BWA,PEG Ratio (5 yr expected),
320,BWA,Price/Sales (ttm),
321,BWA,Price/Book (mrq),
322,BWA,Enterprise Value/Revenue,
323,BWA,Enterprise Value/EBITDA,
324,C,Market Cap (intraday),
325,C,Enterprise Value,
326,C,Trailing P/E,
327,C,Forward P/E,
328,C,PEG Ratio (5 yr expected),
329,C,Price/Sales (ttm),
330,C,Price/Book (mrq),
331,C,Enterprise Value/Revenue,
332,C,Enterprise Value/EBITDA,
333,CAT,Market Cap (intraday),
334,CAT,Enterprise Value,
335,CAT,Trailing P/E,
336,CAT,Forward P/E,
337,CAT,PEG Ratio (5 yr expected),
338,CAT,Price/Sales (ttm),
339,CAT,Price/Book (mrq),
340,CAT,Enterprise Value/Revenue,
341,CAT,Enterprise Value/EBITDA,
342,CCI,Market Cap (intraday),
343,CCI,Enterprise Value,
344,CCI,Trailing P/E,
345,CCI,Forward P/E,
346,CCI,PEG Ratio (5 yr expected),
347,CCI,Price/Sales (ttm),
348,CCI,Price/Book (mrq),
349,CCI,Enterprise Value/Revenue,
350,CCI,Enterprise Value/EBITDA,
351,CDAY,Market Cap (intraday),
352,CDAY,Enterprise Value,
353,CDAY,Trailing P/E,
354,CDAY,Forward P/E,
355,CDAY,PEG Ratio (5 yr expected),
356,CDAY,Price/Sales (ttm),
357,CDAY,Price/Book (mrq),
358,CDAY,Enterprise Value/Revenue,
359,CDAY,Enterprise Value/EBITDA,
360,CHTR,Market Cap (intraday),
361,CHTR,Enterprise Value,
362,CHTR,Trailing P/E,
363,CHTR,Forward P/E,
364,CHTR,PEG Ratio (5 yr expected),
365,CHTR,Price/Sales (ttm),
366,CHTR,Price/Book (mrq),
367,CHTR,Enterprise Value/Revenue,
368,CHTR,Enterprise Value/EBITDA,
369,CMA,Market Cap (intraday),
370,CMA,Enterprise Value,
371,CMA,Trailing P/E,
372,CMA,Forward P/E,
373,CMA,PEG Ratio (5 yr expected),
374,CMA,Price/Sales (ttm),
375,CMA,Price/Book (mrq),
376,CMA,Enterprise Value/Revenue,
377,CMA,Enterprise Value/EBITDA,
378,CMCSA,Market Cap (intraday),
379,CMCSA,Enterprise Value,
380,CMCSA,Trailing P/E,
381,CMCSA,Forward P/E,
382,CMCSA,PEG Ratio (5 yr expected),
383,CMCSA,Price/Sales (ttm),
384,CMCSA,Price/Book (mrq),
385,CMCSA,Enterprise Value/Revenue,
386,CMCSA,Enterprise Value/EBITDA,
387,CME,Market Cap (intraday),
388,CME,Enterprise Value,
389,CME,Trailing P/E,
390,CME,Forward P/E,
391,CME,PEG Ratio (5 yr expected),
392,CME,Price/Sales (ttm),
393,CME,Price/Book (mrq),
394,CME,Enterprise Value/Revenue,
395,CME,Enterprise Value/EBITDA,
396,CNC,Market Cap (intraday),
397,CNC,Enterprise Value,
398,CNC,Trailing P/E,
399,CNC,Forward P/E,
400,CNC,PEG Ratio (5 yr expected),
401,CNC,Price/Sales (ttm),
402,CNC,Price/Book (mrq),
403,CNC,Enterprise Value/Revenue,
404,CNC,Enterprise Value/EBITDA,
405,COO,Market Cap (intraday),
406,COO,Enterprise Value,
407,COO,Trailing P/E,
408,COO,Forward P/E,
409,COO,PEG Ratio (5 yr expected),
410,COO,Price/Sales (ttm),
411,COO,Price/Book (mrq),
412,COO,Enterprise Value/Revenue,
413,COO,Enterprise Value/EBITDA,
414,CRL,Market Cap (intraday),
415,CRL,Enterprise Value,
416,CRL,Trailing P/E,
417,CRL,Forward P/E,
418,CRL,PEG Ratio (5 yr expected),
419,CRL,Price/Sales (ttm),
420,CRL,Price/Book (mrq),
421,CRL,Enterprise Value/Revenue,
422,CRL,Enterprise Value/EBITDA,
423,CTLT,Market Cap (intraday),
424,CTLT,Enterprise Value,
425,CTLT,Trailing P/E,
426,CTLT,Forward P/E,
427,CTLT,PEG Ratio (5 yr expected),
428,CTLT,Price/Sales (ttm),
429,CTLT,Price/Book (mrq),
430,CTLT,Enterprise Value/Revenue,
431,CTLT,Enterprise Value/EBITDA,
432,CVS,Market Cap (intraday),
433,CVS,Enterprise Value,
434,CVS,Trailing P/E,
435,CVS,Forward P/E,
436,CVS,PEG Ratio (5 yr expected),
437,CVS,Price/Sales (ttm),
438,CVS,Price/Book (mrq),
439,CVS,Enterprise Value/Revenue,
440,CVS,Enterprise Value/EBITDA,
441,DD,Market Cap (intraday),
442,DD,Enterprise Value,
443,DD,Trailing P/E,
444,DD,Forward P/E,
445,DD,PEG Ratio (5 yr expected),
446,DD,Price/Sales (ttm),
447,DD,Price/Book (mrq),
448,DD,Enterprise Value/Revenue,
449,DD,Enterprise Value/EBITDA,
450,DLR,Market Cap (intraday),
451,DLR,Enterprise Value,
452,DLR,Trailing P/E,
453,DLR,Forward P/E,
454,DLR,PEG Ratio (5 yr expected),
455,DLR,Price/Sales (ttm),
456,DLR,Price/Book (mrq),
457,DLR,Enterprise Value/Revenue,
458,DLR,Enterprise Value/EBITDA,
459,DOW,Market Cap (intraday),
460,DOW,Enterprise Value,
461,DOW,Trailing P/E,
462,DOW,Forward P/E,
463,DOW,PEG Ratio (5 yr expected),
464,DOW,Price/Sales (ttm),
465,DOW,Price/Book (mrq),
466,DOW,Enterprise Value/Revenue,
467,DOW,Enterprise Value/EBITDA,
468,DPZ,Market Cap (intraday),
469,DPZ,Enterprise Value,
470,DPZ,Trailing P/E,
471,DPZ,Forward P/E,
472,DPZ,PEG Ratio (5 yr expected),
473,DPZ,Price/Sales (ttm),
474,DPZ,Price/Book (mrq),
475,DPZ,Enterprise Value/Revenue,
476,DPZ,Enterprise Value/EBITDA,
477,ECL,Market Cap (intraday),
478,ECL,Enterprise Value,
479,ECL,Trailing P/E,
480,ECL,Forward P/E,
481,ECL,PEG Ratio (5 yr expected),
482,ECL,Price/Sales (ttm),
483,ECL,Price/Book (mrq),
484,ECL,Enterprise Value/Revenue,
485,ECL,Enterprise Value/EBITDA,
486,EFX,Market Cap (intraday),
487,EFX,Enterprise Value,
488,EFX,Trailing P/E,
489,EFX,Forward P/E,
490,EFX,PEG Ratio (5 yr expected),
491,EFX,Price/Sales (ttm),
492,EFX,Price/Book (mrq),
493,EFX,Enterprise Value/Revenue,
494,EFX,Enterprise Value/EBITDA,
495,EL,Market Cap (intraday),
496,EL,Enterprise Value,
497,EL,Trailing P/E,
498,EL,Forward P/E,
499,EL,PEG Ratio (5 yr expected),
500,EL,Price/Sales (ttm),
501,EL,Price/Book (mrq),
502,EL,Enterprise Value/Revenue,
503,EL,Enterprise Value/EBITDA,
504,EXPD,Market Cap (intraday),
505,EXPD,Enterprise Value,
506,EXPD,Trailing P/E,
507,EXPD,Forward P/E,
508,EXPD,PEG Ratio (5 yr expected),
509,EXPD,Price/Sales (ttm),
510,EXPD,Price/Book (mrq),
511,EXPD,Enterprise Value/Revenue,
512,EXPD,Enterprise Value/EBITDA,
513,FAST,Market Cap (intraday),
514,FAST,Enterprise Value,
515,FAST,Trailing P/E,
516,FAST,Forward P/E,
517,FAST,PEG Ratio (5 yr expected),
518,FAST,Price/Sales (ttm),
519,FAST,Price/Book (mrq),
520,FAST,Enterprise Value/Revenue,
521,FAST,Enterprise Value/EBITDA,
522,FB,Market Cap (intraday),
523,FB,Enterprise Value,
524,FB,Trailing P/E,
525,FB,Forward P/E,
526,FB,PEG Ratio (5 yr expected),
527,FB,Price/Sales (ttm),
528,FB,Price/Book (mrq),
529,FB,Enterprise Value/Revenue,
530,FB,Enterprise Value/EBITDA,
531,FDX,Market Cap (intraday),
532,FDX,Enterprise Value,
533,FDX,Trailing P/E,
534,FDX,Forward P/E,
535,FDX,PEG Ratio (5 yr expected),
536,FDX,Price/Sales (ttm),
537,FDX,Price/Book (mrq),
538,FDX,Enterprise Value/Revenue,
539,FDX,Enterprise Value/EBITDA,
540,FLT,Market Cap (intraday),
541,FLT,Enterprise Value,
542,FLT,Trailing P/E,
543,FLT,Forward P/E,
544,FLT,PEG Ratio (5 yr expected),
545,FLT,Price/Sales (ttm),
546,FLT,Price/Book (mrq),
547,FLT,Enterprise Value/Revenue,
548,FLT,Enterprise Value/EBITDA,
549,FRC,Market Cap (intraday),
550,FRC,Enterprise Value,
551,FRC,Trailing P/E,
552,FRC,Forward P/E,
553,FRC,PEG Ratio (5 yr expected),
554,FRC,Price/Sales (ttm),
555,FRC,Price/Book (mrq),
556,FRC,Enterprise Value/Revenue,
557,FRC,Enterprise Value/EBITDA,
558,GILD,Market Cap (intraday),
559,GILD,Enterprise Value,
560,GILD,Trailing P/E,
561,GILD,Forward P/E,
562,GILD,PEG Ratio (5 yr expected),
563,GILD,Price/Sales (ttm),
564,GILD,Price/Book (mrq),
565,GILD,Enterprise Value/Revenue,
566,GILD,Enterprise Value/EBITDA,
567,GL,Market Cap (intraday),
568,GL,Enterprise Value,
569,GL,Trailing P/E,
570,GL,Forward P/E,
571,GL,PEG Ratio (5 yr expected),
572,GL,Price/Sales (ttm),
573,GL,Price/Book (mrq),
574,GL,Enterprise Value/Revenue,
575,GL,Enterprise Value/EBITDA,
576,GOOGL,Market Cap (intraday),
577,GOOGL,Enterprise Value,
578,GOOGL,Trailing P/E,
579,GOOGL,Forward P/E,
580,GOOGL,PEG Ratio (5 yr expected),
581,GOOGL,Price/Sales (ttm),
582,GOOGL,Price/Book (mrq),
583,GOOGL,Enterprise Value/Revenue,
584,GOOGL,Enterprise Value/EBITDA,
585,HON,Market Cap (intraday),
586,HON,Enterprise Value,
587,HON,Trailing P/E,
588,HON,Forward P/E,
589,HON,PEG Ratio (5 yr expected),
590,HON,Price/Sales (ttm),
591,HON,Price/Book (mrq),
592,HON,Enterprise Value/Revenue,
593,HON,Enterprise Value/EBITDA,
594,HPQ,Market Cap (intraday),
595,HPQ,Enterprise Value,
596,HPQ,Trailing P/E,
597,HPQ,Forward P/E,
598,HPQ,PEG Ratio (5 yr expected),
599,HPQ,Price/Sales (ttm),
600,HPQ,Price/Book (mrq),
601,HPQ,Enterprise Value/Revenue,
602,HPQ,Enterprise Value/EBITDA,
603,HSY,Market Cap (intraday),
604,HSY,Enterprise Value,
605,HSY,Trailing P/E,
606,HSY,Forward P/E,
607,HSY,PEG Ratio (5 yr expected),
608,HSY,Price/Sales (ttm),
609,HSY,Price/Book (mrq),
610,HSY,Enterprise Value/Revenue,
611,HSY,Enterprise Value/EBITDA,
612,IBM,Market Cap (intraday),
613,IBM,Enterprise Value,
614,IBM,Trailing P/E,
615,IBM,Forward P/E,
616,IBM,PEG Ratio (5 yr expected),
617,IBM,Price/Sales (ttm),
618,IBM,Price/Book (mrq),
619,IBM,Enterprise Value/Revenue,
620,IBM,Enterprise Value/EBITDA,
621,ICE,Market Cap (intraday),
622,ICE,Enterprise Value,
623,ICE,Trailing P/E,
624,ICE,Forward P/E,
625,ICE,PEG Ratio (5 yr expected),
626,ICE,Price/Sales (ttm),
627,ICE,Price/Book (mrq),
628,ICE,Enterprise Value/Revenue,
629,ICE,Enterprise Value/EBITDA,
630,IDXX,Market Cap (intraday),
631,IDXX,Enterprise Value,
632,IDXX,Trailing P/E,
633,IDXX,Forward P/E,
634,IDXX,PEG Ratio (5 yr expected),
635,IDXX,Price/Sales (ttm),
636,IDXX,Price/Book (mrq),
637,IDXX,Enterprise Value/Revenue,
638,IDXX,Enterprise Value/EBITDA,
639,ILMN,Market Cap (intraday),56.94B
640,ILMN,Enterprise Value,58.14B
641,ILMN,Trailing P/E,71.96
642,ILMN,Forward P/E,87.72
643,ILMN,PEG Ratio (5 yr expected),2.70
644,ILMN,Price/Sales (ttm),12.10
645,ILMN,Price/Book (mrq),5.30
646,ILMN,Enterprise Value/Revenue,12.85
647,ILMN,Enterprise Value/EBITDA,48.61
648,IQV,Market Cap (intraday),
649,IQV,Enterprise Value,
650,IQV,Trailing P/E,
651,IQV,Forward P/E,
652,IQV,PEG Ratio (5 yr expected),
653,IQV,Price/Sales (ttm),
654,IQV,Price/Book (mrq),
655,IQV,Enterprise Value/Revenue,
656,IQV,Enterprise Value/EBITDA,
657,IR,Market Cap (intraday),
658,IR,Enterprise Value,
659,IR,Trailing P/E,
660,IR,Forward P/E,
661,IR,PEG Ratio (5 yr expected),
662,IR,Price/Sales (ttm),
663,IR,Price/Book (mrq),
664,IR,Enterprise Value/Revenue,
665,IR,Enterprise Value/EBITDA,
666,JCI,Market Cap (intraday),
667,JCI,Enterprise Value,
668,JCI,Trailing P/E,
669,JCI,Forward P/E,
670,JCI,PEG Ratio (5 yr expected),
671,JCI,Price/Sales (ttm),
672,JCI,Price/Book (mrq),
673,JCI,Enterprise Value/Revenue,
674,JCI,Enterprise Value/EBITDA,
675,JKHY,Market Cap (intraday),
676,JKHY,Enterprise Value,
677,JKHY,Trailing P/E,
678,JKHY,Forward P/E,
679,JKHY,PEG Ratio (5 yr expected),
680,JKHY,Price/Sales (ttm),
681,JKHY,Price/Book (mrq),
682,JKHY,Enterprise Value/Revenue,
683,JKHY,Enterprise Value/EBITDA,
684,L,Market Cap (intraday),
685,L,Enterprise Value,
686,L,Trailing P/E,
687,L,Forward P/E,
688,L,PEG Ratio (5 yr expected),
689,L,Price/Sales (ttm),
690,L,Price/Book (mrq),
691,L,Enterprise Value/Revenue,
692,L,Enterprise Value/EBITDA,
693,LNT,Market Cap (intraday),
694,LNT,Enterprise Value,
695,LNT,Trailing P/E,
696,LNT,Forward P/E,
697,LNT,PEG Ratio (5 yr expected),
698,LNT,Price/Sales (ttm),
699,LNT,Price/Book (mrq),
700,LNT,Enterprise Value/Revenue,
701,LNT,Enterprise Value/EBITDA,
702,LOW,Market Cap (intraday),
703,LOW,Enterprise Value,
704,LOW,Trailing P/E,
705,LOW,Forward P/E,
706,LOW,PEG Ratio (5 yr expected),
707,LOW,Price/Sales (ttm),
708,LOW,Price/Book (mrq),
709,LOW,Enterprise Value/Revenue,
710,LOW,Enterprise Value/EBITDA,
711,LUMN,Market Cap (intraday),
712,LUMN,Enterprise Value,
713,LUMN,Trailing P/E,
714,LUMN,Forward P/E,
715,LUMN,PEG Ratio (5 yr expected),
716,LUMN,Price/Sales (ttm),
717,LUMN,Price/Book (mrq),
718,LUMN,Enterprise Value/Revenue,
719,LUMN,Enterprise Value/EBITDA,
720,LUV,Market Cap (intraday),
721,LUV,Enterprise Value,
722,LUV,Trailing P/E,
723,LUV,Forward P/E,
724,LUV,PEG Ratio (5 yr expected),
725,LUV,Price/Sales (ttm),
726,LUV,Price/Book (mrq),
727,LUV,Enterprise Value/Revenue,
728,LUV,Enterprise Value/EBITDA,
729,LYB,Market Cap (intraday),
730,LYB,Enterprise Value,
731,LYB,Trailing P/E,
732,LYB,Forward P/E,
733,LYB,PEG Ratio (5 yr expected),
734,LYB,Price/Sales (ttm),
735,LYB,Price/Book (mrq),
736,LYB,Enterprise Value/Revenue,
737,LYB,Enterprise Value/EBITDA,
738,MAA,Market Cap (intraday),
739,MAA,Enterprise Value,
740,MAA,Trailing P/E,
741,MAA,Forward P/E,
742,MAA,PEG Ratio (5 yr expected),
743,MAA,Price/Sales (ttm),
744,MAA,Price/Book (mrq),
745,MAA,Enterprise Value/Revenue,
746,MAA,Enterprise Value/EBITDA,
747,MAS,Market Cap (intraday),
748,MAS,Enterprise Value,
749,MAS,Trailing P/E,
750,MAS,Forward P/E,
751,MAS,PEG Ratio (5 yr expected),
752,MAS,Price/Sales (ttm),
753,MAS,Price/Book (mrq),
754,MAS,Enterprise Value/Revenue,
755,MAS,Enterprise Value/EBITDA,
756,MCD,Market Cap (intraday),
757,MCD,Enterprise Value,
758,MCD,Trailing P/E,
759,MCD,Forward P/E,
760,MCD,PEG Ratio (5 yr expected),
761,MCD,Price/Sales (ttm),
762,MCD,Price/Book (mrq),
763,MCD,Enterprise Value/Revenue,
764,MCD,Enterprise Value/EBITDA,
765,MCHP,Market Cap (intraday),
766,MCHP,Enterprise Value,
767,MCHP,Trailing P/E,
768,MCHP,Forward P/E,
769,MCHP,PEG Ratio (5 yr expected),
770,MCHP,Price/Sales (ttm),
771,MCHP,Price/Book (mrq),
772,MCHP,Enterprise Value/Revenue,
773,MCHP,Enterprise Value/EBITDA,
774,MCO,Market Cap (intraday),
775,MCO,Enterprise Value,
776,MCO,Trailing P/E,
777,MCO,Forward P/E,
778,MCO,PEG Ratio (5 yr expected),
779,MCO,Price/Sales (ttm),
780,MCO,Price/Book (mrq),
781,MCO,Enterprise Value/Revenue,
782,MCO,Enterprise Value/EBITDA,
783,MDT,Market Cap (intraday),
784,MDT,Enterprise Value,
785,MDT,Trailing P/E,
786,MDT,Forward P/E,
787,MDT,PEG Ratio (5 yr expected),
788,MDT,Price/Sales (ttm),
789,MDT,Price/Book (mrq),
790,MDT,Enterprise Value/Revenue,
791,MDT,Enterprise Value/EBITDA,
792,MGM,Market Cap (intraday),
793,MGM,Enterprise Value,
794,MGM,Trailing P/E,
795,MGM,Forward P/E,
796,MGM,PEG Ratio (5 yr expected),
797,MGM,Price/Sales (ttm),
798,MGM,Price/Book (mrq),
799,MGM,Enterprise Value/Revenue,
800,MGM,Enterprise Value/EBITDA,
801,MMC,Market Cap (intraday),
802,MMC,Enterprise Value,
803,MMC,Trailing P/E,
804,MMC,Forward P/E,
805,MMC,PEG Ratio (5 yr expected),
806,MMC,Price/Sales (ttm),
807,MMC,Price/Book (mrq),
808,MMC,Enterprise Value/Revenue,
809,MMC,Enterprise Value/EBITDA,
810,MPWR,Market Cap (intraday),
811,MPWR,Enterprise Value,
812,MPWR,Trailing P/E,
813,MPWR,Forward P/E,
814,MPWR,PEG Ratio (5 yr expected),
815,MPWR,Price/Sales (ttm),
816,MPWR,Price/Book (mrq),
817,MPWR,Enterprise Value/Revenue,
818,MPWR,Enterprise Value/EBITDA,
819,MRK,Market Cap (intraday),
820,MRK,Enterprise Value,
821,MRK,Trailing P/E,
822,MRK,Forward P/E,
823,MRK,PEG Ratio (5 yr expected),
824,MRK,Price/Sales (ttm),
825,MRK,Price/Book (mrq),
826,MRK,Enterprise Value/Revenue,
827,MRK,Enterprise Value/EBITDA,
828,MRNA,Market Cap (intraday),
829,MRNA,Enterprise Value,
830,MRNA,Trailing P/E,
831,MRNA,Forward P/E,
832,MRNA,PEG Ratio (5 yr expected),
833,MRNA,Price/Sales (ttm),
834,MRNA,Price/Book (mrq),
835,MRNA,Enterprise Value/Revenue,
836,MRNA,Enterprise Value/EBITDA,
837,MRO,Market Cap (intraday),
838,MRO,Enterprise Value,
839,MRO,Trailing P/E,
840,MRO,Forward P/E,
841,MRO,PEG Ratio (5 yr expected),
842,MRO,Price/Sales (ttm),
843,MRO,Price/Book (mrq),
844,MRO,Enterprise Value/Revenue,
845,MRO,Enterprise Value/EBITDA,
846,MTD,Market Cap (intraday),
847,MTD,Enterprise Value,
848,MTD,Trailing P/E,
849,MTD,Forward P/E,
850,MTD,PEG Ratio (5 yr expected),
851,MTD,Price/Sales (ttm),
852,MTD,Price/Book (mrq),
853,MTD,Enterprise Value/Revenue,
854,MTD,Enterprise Value/EBITDA,
855,NCLH,Market Cap (intraday),
856,NCLH,Enterprise Value,
857,NCLH,Trailing P/E,
858,NCLH,Forward P/E,
859,NCLH,PEG Ratio (5 yr expected),
860,NCLH,Price/Sales (ttm),
861,NCLH,Price/Book (mrq),
862,NCLH,Enterprise Value/Revenue,
863,NCLH,Enterprise Value/EBITDA,
864,NDAQ,Market Cap (intraday),
865,NDAQ,Enterprise Value,
866,NDAQ,Trailing P/E,
867,NDAQ,Forward P/E,
868,NDAQ,PEG Ratio (5 yr expected),
869,NDAQ,Price/Sales (ttm),
870,NDAQ,Price/Book (mrq),
871,NDAQ,Enterprise Value/Revenue,
872,NDAQ,Enterprise Value/EBITDA,
873,NFLX,Market Cap (intraday),
874,NFLX,Enterprise Value,
875,NFLX,Trailing P/E,
876,NFLX,Forward P/E,
877,NFLX,PEG Ratio (5 yr expected),
878,NFLX,Price/Sales (ttm),
879,NFLX,Price/Book (mrq),
880,NFLX,Enterprise Value/Revenue,
881,NFLX,Enterprise Value/EBITDA,
882,NLOK,Market Cap (intraday),
883,NLOK,Enterprise Value,
884,NLOK,Trailing P/E,
885,NLOK,Forward P/E,
886,NLOK,PEG Ratio (5 yr expected),
887,NLOK,Price/Sales (ttm),
888,NLOK,Price/Book (mrq),
889,NLOK,Enterprise Value/Revenue,
890,NLOK,Enterprise Value/EBITDA,
891,NRG,Market Cap (intraday),
892,NRG,Enterprise Value,
893,NRG,Trailing P/E,
894,NRG,Forward P/E,
895,NRG,PEG Ratio (5 yr expected),
896,NRG,Price/Sales (ttm),
897,NRG,Price/Book (mrq),
898,NRG,Enterprise Value/Revenue,
899,NRG,Enterprise Value/EBITDA,
900,NSC,Market Cap (intraday),
901,NSC,Enterprise Value,
902,NSC,Trailing P/E,
903,NSC,Forward P/E,
904,NSC,PEG Ratio (5 yr expected),
905,NSC,Price/Sales (ttm),
906,NSC,Price/Book (mrq),
907,NSC,Enterprise Value/Revenue,
908,NSC,Enterprise Value/EBITDA,
909,NVDA,Market Cap (intraday),
910,NVDA,Enterprise Value,
911,NVDA,Trailing P/E,
912,NVDA,Forward P/E,
913,NVDA,PEG Ratio (5 yr expected),
914,NVDA,Price/Sales (ttm),
915,NVDA,Price/Book (mrq),
916,NVDA,Enterprise Value/Revenue,
917,NVDA,Enterprise Value/EBITDA,
918,NWSA,Market Cap (intraday),
919,NWSA,Enterprise Value,
920,NWSA,Trailing P/E,
921,NWSA,Forward P/E,
922,NWSA,PEG Ratio (5 yr expected),
923,NWSA,Price/Sales (ttm),
924,NWSA,Price/Book (mrq),
925,NWSA,Enterprise Value/Revenue,
926,NWSA,Enterprise Value/EBITDA,
927,OGN,Market Cap (intraday),
928,OGN,Enterprise Value,
929,OGN,Trailing P/E,
930,OGN,Forward P/E,
931,OGN,PEG Ratio (5 yr expected),
932,OGN,Price/Sales (ttm),
933,OGN,Price/Book (mrq),
934,OGN,Enterprise Value/Revenue,
935,OGN,Enterprise Value/EBITDA,
936,ORCL,Market Cap (intraday),
937,ORCL,Enterprise Value,
938,ORCL,Trailing P/E,
939,ORCL,Forward P/E,
940,ORCL,PEG Ratio (5 yr expected),
941,ORCL,Price/Sales (ttm),
942,ORCL,Price/Book (mrq),
943,ORCL,Enterprise Value/Revenue,
944,ORCL,Enterprise Value/EBITDA,
945,PARA,Market Cap (intraday),
946,PARA,Enterprise Value,
947,PARA,Trailing P/E,
948,PARA,Forward P/E,
949,PARA,PEG Ratio (5 yr expected),
950,PARA,Price/Sales (ttm),
951,PARA,Price/Book (mrq),
952,PARA,Enterprise Value/Revenue,
953,PARA,Enterprise Value/EBITDA,
954,PEP,Market Cap (intraday),
955,PEP,Enterprise Value,
956,PEP,Trailing P/E,
957,PEP,Forward P/E,
958,PEP,PEG Ratio (5 yr expected),
959,PEP,Price/Sales (ttm),
960,PEP,Price/Book (mrq),
961,PEP,Enterprise Value/Revenue,
962,PEP,Enterprise Value/EBITDA,
963,PFG,Market Cap (intraday),
964,PFG,Enterprise Value,
965,PFG,Trailing P/E,
966,PFG,Forward P/E,
967,PFG,PEG Ratio (5 yr expected),
968,PFG,Price/Sales (ttm),
969,PFG,Price/Book (mrq),
970,PFG,Enterprise Value/Revenue,
971,PFG,Enterprise Value/EBITDA,
972,PG,Market Cap (intraday),
973,PG,Enterprise Value,
974,PG,Trailing P/E,
975,PG,Forward P/E,
976,PG,PEG Ratio (5 yr expected),
977,PG,Price/Sales (ttm),
978,PG,Price/Book (mrq),
979,PG,Enterprise Value/Revenue,
980,PG,Enterprise Value/EBITDA,
981,PGR,Market Cap (intraday),
982,PGR,Enterprise Value,
983,PGR,Trailing P/E,
984,PGR,Forward P/E,
985,PGR,PEG Ratio (5 yr expected),
986,PGR,Price/Sales (ttm),
987,PGR,Price/Book (mrq),
988,PGR,Enterprise Value/Revenue,
989,PGR,Enterprise Value/EBITDA,
990,PLD,Market Cap (intraday),
991,PLD,Enterprise Value,
992,PLD,Trailing P/E,
993,PLD,Forward P/E,
994,PLD,PEG Ratio (5 yr expected),
995,PLD,Price/Sales (ttm),
996,PLD,Price/Book (mrq),
997,PLD,Enterprise Value/Revenue,
998,PLD,Enterprise Value/EBITDA,
999,PNR,Market Cap (intraday),
1000,PNR,Enterprise Value,
1001,PNR,Trailing P/E,
1002,PNR,Forward P/E,
1003,PNR,PEG Ratio (5 yr expected),
1004,PNR,Price/Sales (ttm),
1005,PNR,Price/Book (mrq),
1006,PNR,Enterprise Value/Revenue,
1007,PNR,Enterprise Value/EBITDA,
1008,PPL,Market Cap (intraday),
1009,PPL,Enterprise Value,
1010,PPL,Trailing P/E,
1011,PPL,Forward P/E,
1012,PPL,PEG Ratio (5 yr expected),
1013,PPL,Price/Sales (ttm),
1014,PPL,Price/Book (mrq),
1015,PPL,Enterprise Value/Revenue,
1016,PPL,Enterprise Value/EBITDA,
1017,RCL,Market Cap (intraday),
1018,RCL,Enterprise Value,
1019,RCL,Trailing P/E,
1020,RCL,Forward P/E,
1021,RCL,PEG Ratio (5 yr expected),
1022,RCL,Price/Sales (ttm),
1023,RCL,Price/Book (mrq),
1024,RCL,Enterprise Value/Revenue,
1025,RCL,Enterprise Value/EBITDA,
1026,RE,Market Cap (intraday),
1027,RE,Enterprise Value,
1028,RE,Trailing P/E,
1029,RE,Forward P/E,
1030,RE,PEG Ratio (5 yr expected),
1031,RE,Price/Sales (ttm),
1032,RE,Price/Book (mrq),
1033,RE,Enterprise Value/Revenue,
1034,RE,Enterprise Value/EBITDA,
1035,REGN,Market Cap (intraday),80.19B
1036,REGN,Enterprise Value,77.20B
1037,REGN,Trailing P/E,10.04
1038,REGN,Forward P/E,16.98
1039,REGN,PEG Ratio (5 yr expected),6.57
1040,REGN,Price/Sales (ttm),5.04
1041,REGN,Price/Book (mrq),4.18
1042,REGN,Enterprise Value/Revenue,4.80
1043,REGN,Enterprise Value/EBITDA,7.98
1044,RHI,Market Cap (intraday),
1045,RHI,Enterprise Value,
1046,RHI,Trailing P/E,
1047,RHI,Forward P/E,
1048,RHI,PEG Ratio (5 yr expected),
1049,RHI,Price/Sales (ttm),
1050,RHI,Price/Book (mrq),
1051,RHI,Enterprise Value/Revenue,
1052,RHI,Enterprise Value/EBITDA,
1053,RJF,Market Cap (intraday),
1054,RJF,Enterprise Value,
1055,RJF,Trailing P/E,
1056,RJF,Forward P/E,
1057,RJF,PEG Ratio (5 yr expected),
1058,RJF,Price/Sales (ttm),
1059,RJF,Price/Book (mrq),
1060,RJF,Enterprise Value/Revenue,
1061,RJF,Enterprise Value/EBITDA,
1062,RL,Market Cap (intraday),
1063,RL,Enterprise Value,
1064,RL,Trailing P/E,
1065,RL,Forward P/E,
1066,RL,PEG Ratio (5 yr expected),
1067,RL,Price/Sales (ttm),
1068,RL,Price/Book (mrq),
1069,RL,Enterprise Value/Revenue,
1070,RL,Enterprise Value/EBITDA,
1071,RMD,Market Cap (intraday),
1072,RMD,Enterprise Value,
1073,RMD,Trailing P/E,
1074,RMD,Forward P/E,
1075,RMD,PEG Ratio (5 yr expected),
1076,RMD,Price/Sales (ttm),
1077,RMD,Price/Book (mrq),
1078,RMD,Enterprise Value/Revenue,
1079,RMD,Enterprise Value/EBITDA,
1080,ROL,Market Cap (intraday),
1081,ROL,Enterprise Value,
1082,ROL,Trailing P/E,
1083,ROL,Forward P/E,
1084,ROL,PEG Ratio (5 yr expected),
1085,ROL,Price/Sales (ttm),
1086,ROL,Price/Book (mrq),
1087,ROL,Enterprise Value/Revenue,
1088,ROL,Enterprise Value/EBITDA,
1089,ROP,Market Cap (intraday),
1090,ROP,Enterprise Value,
1091,ROP,Trailing P/E,
1092,ROP,Forward P/E,
1093,ROP,PEG Ratio (5 yr expected),
1094,ROP,Price/Sales (ttm),
1095,ROP,Price/Book (mrq),
1096,ROP,Enterprise Value/Revenue,
1097,ROP,Enterprise Value/EBITDA,
1098,SBNY,Market Cap (intraday),
1099,SBNY,Enterprise Value,
1100,SBNY,Trailing P/E,
1101,SBNY,Forward P/E,
1102,SBNY,PEG Ratio (5 yr expected),
1103,SBNY,Price/Sales (ttm),
1104,SBNY,Price/Book (mrq),
1105,SBNY,Enterprise Value/Revenue,
1106,SBNY,Enterprise Value/EBITDA,
1107,SEDG,Market Cap (intraday),
1108,SEDG,Enterprise Value,
1109,SEDG,Trailing P/E,
1110,SEDG,Forward P/E,
1111,SEDG,PEG Ratio (5 yr expected),
1112,SEDG,Price/Sales (ttm),
1113,SEDG,Price/Book (mrq),
1114,SEDG,Enterprise Value/Revenue,
1115,SEDG,Enterprise Value/EBITDA,
1116,SJM,Market Cap (intraday),
1117,SJM,Enterprise Value,
1118,SJM,Trailing P/E,
1119,SJM,Forward P/E,
1120,SJM,PEG Ratio (5 yr expected),
1121,SJM,Price/Sales (ttm),
1122,SJM,Price/Book (mrq),
1123,SJM,Enterprise Value/Revenue,
1124,SJM,Enterprise Value/EBITDA,
1125,STT,Market Cap (intraday),
1126,STT,Enterprise Value,
1127,STT,Trailing P/E,
1128,STT,Forward P/E,
1129,STT,PEG Ratio (5 yr expected),
1130,STT,Price/Sales (ttm),
1131,STT,Price/Book (mrq),
1132,STT,Enterprise Value/Revenue,
1133,STT,Enterprise Value/EBITDA,
1134,SYF,Market Cap (intraday),
1135,SYF,Enterprise Value,
1136,SYF,Trailing P/E,
1137,SYF,Forward P/E,
1138,SYF,PEG Ratio (5 yr expected),
1139,SYF,Price/Sales (ttm),
1140,SYF,Price/Book (mrq),
1141,SYF,Enterprise Value/Revenue,
1142,SYF,Enterprise Value/EBITDA,
1143,TAP,Market Cap (intraday),
1144,TAP,Enterprise Value,
1145,TAP,Trailing P/E,
1146,TAP,Forward P/E,
1147,TAP,PEG Ratio (5 yr expected),
1148,TAP,Price/Sales (ttm),
1149,TAP,Price/Book (mrq),
1150,TAP,Enterprise Value/Revenue,
1151,TAP,Enterprise Value/EBITDA,
1152,TMUS,Market Cap (intraday),
1153,TMUS,Enterprise Value,
1154,TMUS,Trailing P/E,
1155,TMUS,Forward P/E,
1156,TMUS,PEG Ratio (5 yr expected),
1157,TMUS,Price/Sales (ttm),
1158,TMUS,Price/Book (mrq),
1159,TMUS,Enterprise Value/Revenue,
1160,TMUS,Enterprise Value/EBITDA,
1161,TPR,Market Cap (intraday),
1162,TPR,Enterprise Value,
1163,TPR,Trailing P/E,
1164,TPR,Forward P/E,
1165,TPR,PEG Ratio (5 yr expected),
1166,TPR,Price/Sales (ttm),
1167,TPR,Price/Book (mrq),
1168,TPR,Enterprise Value/Revenue,
1169,TPR,Enterprise Value/EBITDA,
1170,TRMB,Market Cap (intraday),18.12B
1171,TRMB,Enterprise Value,19.20B
1172,TRMB,Trailing P/E,37.17
1173,TRMB,Forward P/E,24.94
1174,TRMB,PEG Ratio (5 yr expected),2.50
1175,TRMB,Price/Sales (ttm),5.01
1176,TRMB,Price/Book (mrq),4.59
1177,TRMB,Enterprise Value/Revenue,5.25
1178,TRMB,Enterprise Value/EBITDA,23.42
1179,TRV,Market Cap (intraday),
1180,TRV,Enterprise Value,
1181,TRV,Trailing P/E,
1182,TRV,Forward P/E,
1183,TRV,PEG Ratio (5 yr expected),
1184,TRV,Price/Sales (ttm),
1185,TRV,Price/Book (mrq),
1186,TRV,Enterprise Value/Revenue,
1187,TRV,Enterprise Value/EBITDA,
1188,TSN,Market Cap (intraday),
1189,TSN,Enterprise Value,
1190,TSN,Trailing P/E,
1191,TSN,Forward P/E,
1192,TSN,PEG Ratio (5 yr expected),
1193,TSN,Price/Sales (ttm),
1194,TSN,Price/Book (mrq),
1195,TSN,Enterprise Value/Revenue,
1196,TSN,Enterprise Value/EBITDA,
1197,TWTR,Market Cap (intraday),
1198,TWTR,Enterprise Value,
1199,TWTR,Trailing P/E,
1200,TWTR,Forward P/E,
1201,TWTR,PEG Ratio (5 yr expected),
1202,TWTR,Price/Sales (ttm),
1203,TWTR,Price/Book (mrq),
1204,TWTR,Enterprise Value/Revenue,
1205,TWTR,Enterprise Value/EBITDA,
1206,TXT,Market Cap (intraday),
1207,TXT,Enterprise Value,
1208,TXT,Trailing P/E,
1209,TXT,Forward P/E,
1210,TXT,PEG Ratio (5 yr expected),
1211,TXT,Price/Sales (ttm),
1212,TXT,Price/Book (mrq),
1213,TXT,Enterprise Value/Revenue,
1214,TXT,Enterprise Value/EBITDA,
1215,UNH,Market Cap (intraday),
1216,UNH,Enterprise Value,
1217,UNH,Trailing P/E,
1218,UNH,Forward P/E,
1219,UNH,PEG Ratio (5 yr expected),
1220,UNH,Price/Sales (ttm),
1221,UNH,Price/Book (mrq),
1222,UNH,Enterprise Value/Revenue,
1223,UNH,Enterprise Value/EBITDA,
1224,UNP,Market Cap (intraday),
1225,UNP,Enterprise Value,
1226,UNP,Trailing P/E,
1227,UNP,Forward P/E,
1228,UNP,PEG Ratio (5 yr expected),
1229,UNP,Price/Sales (ttm),
1230,UNP,Price/Book (mrq),
1231,UNP,Enterprise Value/Revenue,
1232,UNP,Enterprise Value/EBITDA,
1233,UPS,Market Cap (intraday),
1234,UPS,Enterprise Value,
1235,UPS,Trailing P/E,
1236,UPS,Forward P/E,
1237,UPS,PEG Ratio (5 yr expected),
1238,UPS,Price/Sales (ttm),
1239,UPS,Price/Book (mrq),
1240,UPS,Enterprise Value/Revenue,
1241,UPS,Enterprise Value/EBITDA,
1242,USB,Market Cap (intraday),
1243,USB,Enterprise Value,
1244,USB,Trailing P/E,
1245,USB,Forward P/E,
1246,USB,PEG Ratio (5 yr expected),
1247,USB,Price/Sales (ttm),
1248,USB,Price/Book (mrq),
1249,USB,Enterprise Value/Revenue,
1250,USB,Enterprise Value/EBITDA,
1251,VRSK,Market Cap (intraday),
1252,VRSK,Enterprise Value,
1253,VRSK,Trailing P/E,
1254,VRSK,Forward P/E,
1255,VRSK,PEG Ratio (5 yr expected),
1256,VRSK,Price/Sales (ttm),
1257,VRSK,Price/Book (mrq),
1258,VRSK,Enterprise Value/Revenue,
1259,VRSK,Enterprise Value/EBITDA,
1260,VTR,Market Cap (intraday),
1261,VTR,Enterprise Value,
1262,VTR,Trailing P/E,
1263,VTR,Forward P/E,
1264,VTR,PEG Ratio (5 yr expected),
1265,VTR,Price/Sales (ttm),
1266,VTR,Price/Book (mrq),
1267,VTR,Enterprise Value/Revenue,
1268,VTR,Enterprise Value/EBITDA,
1269,VZ,Market Cap (intraday),
1270,VZ,Enterprise Value,
1271,VZ,Trailing P/E,
1272,VZ,Forward P/E,
1273,VZ,PEG Ratio (5 yr expected),
1274,VZ,Price/Sales (ttm),
1275,VZ,Price/Book (mrq),
1276,VZ,Enterprise Value/Revenue,
1277,VZ,Enterprise Value/EBITDA,
1278,WAT,Market Cap (intraday),
1279,WAT,Enterprise Value,
1280,WAT,Trailing P/E,
1281,WAT,Forward P/E,
1282,WAT,PEG Ratio (5 yr expected),
1283,WAT,Price/Sales (ttm),
1284,WAT,Price/Book (mrq),
1285,WAT,Enterprise Value/Revenue,
1286,WAT,Enterprise Value/EBITDA,
1287,WBD,Market Cap (intraday),
1288,WBD,Enterprise Value,
1289,WBD,Trailing P/E,
1290,WBD,Forward P/E,
1291,WBD,PEG Ratio (5 yr expected),
1292,WBD,Price/Sales (ttm),
1293,WBD,Price/Book (mrq),
1294,WBD,Enterprise Value/Revenue,
1295,WBD,Enterprise Value/EBITDA,
1296,WDC,Market Cap (intraday),
1297,WDC,Enterprise Value,
1298,WDC,Trailing P/E,
1299,WDC,Forward P/E,
1300,WDC,PEG Ratio (5 yr expected),
1301,WDC,Price/Sales (ttm),
1302,WDC,Price/Book (mrq),
1303,WDC,Enterprise Value/Revenue,
1304,WDC,Enterprise Value/EBITDA,
1305,WEC,Market Cap (intraday),
1306,WEC,Enterprise Value,
1307,WEC,Trailing P/E,
1308,WEC,Forward P/E,
1309,WEC,PEG Ratio (5 yr expected),
1310,WEC,Price/Sales (ttm),
1311,WEC,Price/Book (mrq),
1312,WEC,Enterprise Value/Revenue,
1313,WEC,Enterprise Value/EBITDA,
1314,WELL,Market Cap (intraday),
1315,WELL,Enterprise Value,
1316,WELL,Trailing P/E,
1317,WELL,Forward P/E,
1318,WELL,PEG Ratio (5 yr expected),
1319,WELL,Price/Sales (ttm),
1320,WELL,Price/Book (mrq),
1321,WELL,Enterprise Value/Revenue,
1322,WELL,Enterprise Value/EBITDA,
1323,XOM,Market Cap (intraday),
1324,XOM,Enterprise Value,
1325,XOM,Trailing P/E,
1326,XOM,Forward P/E,
1327,XOM,PEG Ratio (5 yr expected),
1328,XOM,Price/Sales (ttm),
1329,XOM,Price/Book (mrq),
1330,XOM,Enterprise Value/Revenue,
1331,XOM,Enterprise Value/EBITDA,
1332,XYL,Market Cap (intraday),
1333,XYL,Enterprise Value,
1334,XYL,Trailing P/E,
1335,XYL,Forward P/E,
1336,XYL,PEG Ratio (5 yr expected),
1337,XYL,Price/Sales (ttm),
1338,XYL,Price/Book (mrq),
1339,XYL,Enterprise Value/Revenue,
1340,XYL,Enterprise Value/EBITDA,
1341,YUM,Market Cap (intraday),
1342,YUM,Enterprise Value,
1343,YUM,Trailing P/E,
1344,YUM,Forward P/E,
1345,YUM,PEG Ratio (5 yr expected),
1346,YUM,Price/Sales (ttm),
1347,YUM,Price/Book (mrq),
1348,YUM,Enterprise Value/Revenue,
1349,YUM,Enterprise Value/EBITDA,
1350,ZBH,Market Cap (intraday),
1351,ZBH,Enterprise Value,
1352,ZBH,Trailing P/E,
1353,ZBH,Forward P/E,
1354,ZBH,PEG Ratio (5 yr expected),
1355,ZBH,Price/Sales (ttm),
1356,ZBH,Price/Book (mrq),
1357,ZBH,Enterprise Value/Revenue,
1358,ZBH,Enterprise Value/EBITDA,
1359,ZBRA,Market Cap (intraday),
1360,ZBRA,Enterprise Value,
1361,ZBRA,Trailing P/E,
1362,ZBRA,Forward P/E,
1363,ZBRA,PEG Ratio (5 yr expected),
1364,ZBRA,Price/Sales (ttm),
1365,ZBRA,Price/Book (mrq),
1366,ZBRA,Enterprise Value/Revenue,
1367,ZBRA,Enterprise Value/EBITDA,
